Type,SKU,Name,Published,Visibility in catalog,Regular price,In stock?,Categories,Short description,Description
simple,GAM-001,Mouse Bungee Profesional,1,visible,65,1,Gaming,"Soporte premium para cable de ratón con base antideslizante y brazo flexible. Elimina por completo la fricción del cable sobre el escritorio, garantizando movimientos rápidos, fluidos y de alta precisión en juegos competitivos. Siente la libertad de un ratón inalámbrico sin sacrificar la latencia.","<h3>Domina cada partida con el Mouse Bungee definitivo</h3>
<p>Si juegas títulos competitivos y de acción rápida como Valorant, CS:GO, Dota 2 o League of Legends, sabes que la fricción del cable o los tirones inesperados pueden arruinar un movimiento perfecto o hacerte perder un enfrentamiento clave. Este Mouse Bungee está diseñado para mantener el cable de tu ratón suspendido en el aire, dándote la sensación total de usar un ratón inalámbrico, pero manteniendo la respuesta instantánea y la latencia cero de una conexión por cable.</p>
<h4>Características Principales</h4>
<ul>
<li><strong>Base antideslizante ultra pesada:</strong> Cuenta con un núcleo de peso integrado y patas de goma que garantizan máxima estabilidad incluso en los movimientos (flicks) más bruscos.</li>
<li><strong>Brazo flexible de doble resorte:</strong> Fabricado en acero inoxidable resistente al óxido, acompaña tus movimientos de forma natural sin generar resistencia.</li>
<li><strong>Clip de sujeción universal:</strong> Cabezal de goma adaptable a cualquier grosor de cable, ya sea trenzado grueso o de goma estándar.</li>
<li><strong>Diseño compacto y minimalista:</strong> Ocupa un espacio mínimo en tu escritorio, mejorando la estética de tu setup.</li>
</ul>
<h4>¿Por qué elegir este producto?</h4>
<p>Es la mejora más económica y con mayor impacto que puedes hacerle a tu setup competitivo. Protege el cable de tu ratón del desgaste por rozamiento y mejora tu memoria muscular al estandarizar el peso de tus movimientos.</p>"
simple,GAM-002,Desk Mat XXL (900x400 mm),1,visible,85,1,Gaming,"Alfombrilla de escritorio tamaño completo (90x40 cm) con superficie de microfibra de alta densidad y base de goma natural antideslizante. Protege tu mesa, mejora la acústica de tu teclado mecánico y ofrece un deslizamiento perfecto y uniforme para el sensor de tu ratón.","<h3>Transforma tu escritorio en una superficie de alta precisión</h3>
<p>Un setup espectacular y profesional necesita una base que esté a la altura. Nuestra alfombrilla XXL (900 x 400 mm) cubre toda tu área principal de trabajo, proporcionando un lienzo unificado para tu teclado, ratón y accesorios. No solo mejora dramáticamente la estética de tu estación, sino que absorbe el sonido de los teclados mecánicos y protege la madera o el cristal de tu escritorio contra rayones y derrames.</p>
<h4>Características Principales</h4>
<ul>
<li><strong>Tamaño Panorámico XXL (90x40x0.3 cm):</strong> Espacio de sobra para realizar movimientos amplios con el ratón, ideal para jugadores que usan sensibilidades bajas (Low DPI).</li>
<li><strong>Superficie Speed & Control:</strong> Tejido de microfibra de alta densidad optimizado tanto para sensores ópticos como láser, logrando el equilibrio perfecto entre velocidad de deslizamiento y precisión de frenado.</li>
<li><strong>Bordes cosidos reforzados:</strong> Costura perimetral de alta calidad que evita el deshilachado y garantiza años de durabilidad sin deformarse.</li>
<li><strong>Base de goma natural texturizada:</strong> Agarre extremo a cualquier superficie, se mantiene completamente firme en los momentos más intensos.</li>
<li><strong>Fácil de limpiar y lavable:</strong> Superficie con tratamiento que repele salpicaduras leves; se puede lavar a mano para que luzca siempre como nueva.</li>
</ul>
<h4>El toque final para tu Setup</h4>
<p>Dile adiós a los bordes de la alfombrilla tradicional molestando tu muñeca. Al colocar todo sobre un Desk Mat, unificas el aspecto de tu setup y ganas una comodidad inigualable para tus brazos durante largas jornadas.</p>"
simple,GAM-003,Grip Tape + Skates de teflón puros,1,visible,45,1,Gaming,"Kit de actualización profesional para ratón. Incluye cintas de agarre texturizadas de poliuretano para evitar resbalones por sudor, y patas de reemplazo (skates) de teflón PTFE 100% puro para reducir la fricción al mínimo. Renueva tu ratón y mejora tu puntería instantáneamente.","<h3>Renueva tu ratón y lleva tu Aim al siguiente nivel</h3>
<p>Con el uso diario, el plástico de tu ratón se pule y pierde agarre, y las patas originales se desgastan generando fricción irregular. Este kit es la solución definitiva para los puristas del rendimiento. El Grip Tape absorbe el sudor de tus manos y garantiza un agarre perfecto sin importar tu estilo (garra, palma o punta de los dedos), mientras que los skates de Teflón puro hacen que tu ratón flote literalmente sobre la alfombrilla.</p>
<h4>Características Principales</h4>
<ul>
<li><strong>Material Grip de Grado Profesional:</strong> Fabricado en poliuretano texturizado y absorbente, ultrafino (0.5mm) para no alterar la forma ergonómica de tu ratón.</li>
<li><strong>Skates 100% PTFE (Politetrafluoroetileno):</strong> Teflón puro sin aditivos ni tintes. Deslizamiento suave como el hielo con la menor fricción posible del mercado.</li>
<li><strong>Bordes redondeados (Curved Edges):</strong> Los skates están biselados en los bordes para no raspar ni engancharse en las fibras de tu alfombrilla.</li>
<li><strong>Adhesivo 3M de alta calidad:</strong> Aplicación fácil y firme, que no deja residuos pegajosos ni daña la carcasa si decides retirarlos en el futuro.</li>
</ul>
<h4>¿Por qué es indispensable?</h4>
<p>Si sientes que tu ratón está ""pesado"" o que resbala de tus dedos en partidas tensas, no necesitas comprar un ratón nuevo. Este kit le devolverá la vida a tu periférico y te dará una ventaja competitiva real.</p>"
simple,GAM-004,Teclado mecánico 'One-Handed',1,visible,150,1,Gaming,"Mini teclado mecánico de una sola mano, diseñado exclusivamente para el rendimiento en juegos. Elimina las teclas redundantes para maximizar el espacio del ratón, mejora tu postura alineando tus hombros y ofrece switches de alta velocidad y respuesta táctil para partidas competitivas.","<h3>Máxima ergonomía y espacio ilimitado para tu ratón</h3>
<p>¿Para qué ocupar todo el escritorio si al jugar solo utilizas la mitad izquierda de tu teclado? El teclado 'One-Handed' está diseñado específicamente pensando en la anatomía y las necesidades de los gamers competitivos (FPS, MOBA, Battle Royales). Al eliminar el teclado numérico y las teclas de escritura, te permite acercar el ratón al centro de tu cuerpo. Esto mejora dramáticamente tu postura, reduce la tensión en los hombros y libera un espacio vital para realizar movimientos de ratón amplios (flicks) sin chocar.</p>
<h4>Características Principales</h4>
<ul>
<li><strong>Switches Mecánicos de Alto Rendimiento:</strong> Respuesta táctil rápida, precisa y satisfactoria, con una vida útil garantizada de 50 millones de pulsaciones por tecla.</li>
<li><strong>Diseño Ergonómico Avanzado:</strong> Incluye un reposamuñecas integrado y sobredimensionado que brinda soporte completo a la palma y reduce la fatiga del túnel carpiano.</li>
<li><strong>Anti-Ghosting Total:</strong> N-Key Rollover en todas las teclas; presiona múltiples botones al mismo tiempo sin perder ninguna acción.</li>
<li><strong>Iluminación RGB Dinámica:</strong> Múltiples efectos y perfiles personalizables para ubicar rápidamente tus teclas en sesiones nocturnas.</li>
<li><strong>Plug & Play Inmediato:</strong> Conexión USB directa, compatible con Windows y Mac sin necesidad de instalar software complejo o drivers pesados.</li>
</ul>
<h4>La elección de los profesionales</h4>
<p>Ideal para setups en escritorios pequeños o para jugadores de laptops que desean un teclado mecánico real sin sacrificar portabilidad. Concéntrate solo en las teclas que importan para ganar.</p>"
simple,HDW-001,Tapete de silicona antiestático (S-160),1,visible,100,1,Hardware,"Alfombrilla de reparación profesional de silicona de grado industrial. Soporta temperaturas de hasta 500°C y cuenta con decenas de compartimentos organizadores, reglas y zonas magnéticas. Es la superficie de trabajo definitiva para proteger tu escritorio al soldar o ensamblar electrónica.","<h3>La estación de trabajo definitiva para Makers y Técnicos</h3>
<p>Olvídate de quemar la mesa de tu escritorio o perder tornillos microscópicos en el suelo. El tapete magnético S-160 es una herramienta indispensable para cualquier persona que repare celulares, arme circuitos con Arduino, o trabaje con soldadura. Está fabricado en silicona de grado industrial extremadamente duradera que no se deforma ni emite gases tóxicos al calentarse, convirtiendo cualquier mesa en un banco de trabajo profesional.</p>
<h4>Características Principales</h4>
<ul>
<li><strong>Resistencia Térmica Extrema:</strong> Soporta temperaturas directas de hasta 500°C. Puedes apoyar tu cautín caliente directamente sobre la alfombrilla o derramar estaño fundido sin causarle ningún daño.</li>
<li><strong>Zonas Magnéticas Integradas:</strong> Cuenta con áreas imantadas específicas para mantener seguros los tornillos diminutos y evitar que reboten o rueden fuera de la mesa.</li>
<li><strong>Organización Milimétrica:</strong> Dispone de más de 100 pequeños compartimentos numerados, ranuras para placas madre, orificios para destornilladores y cajas con tapa, permitiendo clasificar chips y resistencias eficientemente.</li>
<li><strong>Superficie Antiestática y Antideslizante:</strong> Protege los componentes electrónicos sensibles (como procesadores o memorias) de descargas estáticas, mientras se adhiere firmemente a tu escritorio.</li>
<li><strong>Mantenimiento Sencillo:</strong> El estaño fundido, la resina (flux) y los pegamentos no se adhieren a la superficie. Se limpia fácilmente con alcohol isopropílico o agua.</li>
</ul>
<h4>Orden y seguridad en cada proyecto</h4>
<p>Con un tamaño generoso (45 x 30 cm aprox.), tendrás espacio suficiente para desmontar portátiles o tablets. Optimiza tu flujo de trabajo y deja de improvisar con cartones o tablas de madera que ponen en riesgo tus herramientas.</p>"
simple,HDW-004,Extractor de humo de soldadura con filtro,1,visible,150,1,Hardware,"Ventilador de extracción compacto para escritorio equipado con filtro de carbón activado de alta densidad. Absorbe y purifica los gases tóxicos, el humo de la resina (flux) y los malos olores generados durante el trabajo de soldadura electrónica, protegiendo tu salud respiratoria.","<h3>Protege tus pulmones mientras creas y reparas</h3>
<p>La seguridad es primero. El humo que libera la resina del estaño y los fundentes al soldar no solo es molesto, sino que a largo plazo es altamente tóxico e irritante para los ojos, la garganta y los pulmones. Este extractor de humo compacto de grado profesional está diseñado para colocarse en tu escritorio justo frente a tu área de trabajo, absorbiendo agresivamente los gases nocivos antes de que lleguen a tu rostro.</p>
<h4>Características Principales</h4>
<ul>
<li><strong>Filtro de Carbón Activado Reemplazable:</strong> Su filtro de espuma de uretano impregnado de carbón activado atrapa eficazmente las partículas tóxicas de plomo, el humo del flux y neutraliza los olores fuertes (incluye 1 filtro instalado y 1 de repuesto).</li>
<li><strong>Ángulo Ajustable de Trabajo:</strong> El cabezal del ventilador se puede inclinar y fijar en múltiples ángulos para dirigir la succión exactamente a la placa que estás soldando.</li>
<li><strong>Motor Silencioso y de Alto Rendimiento:</strong> Ventilador de aspas optimizadas que genera un potente flujo de aire direccional (hasta 1000L/min) sin interrumpir tu concentración con ruidos excesivos.</li>
<li><strong>Diseño Robusto y Estable:</strong> Carcasa disipadora fabricada en materiales ignífugos de alta calidad, con patas de goma que absorben vibraciones.</li>
<li><strong>Fácil mantenimiento:</strong> Cambiar el filtro toma literalmente 5 segundos, asegurando que tu equipo siempre funcione al máximo de su capacidad.</li>
</ul>
<h4>Una inversión en tu salud a largo plazo</h4>
<p>Si sueldas más de una vez a la semana, este equipo no es un lujo, es una necesidad. Trabaja en tus prototipos de robótica y reparación de hardware con total tranquilidad y en un ambiente limpio, incluso si tu habitación no tiene buena ventilación natural.</p>"
simple,ERG-001,Brazo articulado VESA para monitor con pistón de gas,1,visible,180,1,Ergonomía,"Soporte premium para monitor con sistema de resorte de gas que permite ajustes fluidos 360°. Libera espacio masivo en tu escritorio, mejora tu postura al colocar la pantalla a la altura de tus ojos, y permite rotar a formato vertical (ideal para programadores y streamers).","<h3>Ergonomía profesional, salud postural y un escritorio despejado</h3>
<p>Las bases originales que vienen de fábrica con los monitores ocupan muchísimo espacio, atrapan polvo y, lo peor de todo, rara vez alcanzan la altura ergonómica correcta para tu cuello. Este brazo articulado premium con sistema de pistón de gas transforma tu área de trabajo por completo, permitiéndote flotar tu pantalla en el aire y ajustarla con la punta de un dedo a la posición perfecta, previniendo dolores cervicales y de espalda.</p>
<h4>Características Principales</h4>
<ul>
<li><strong>Libertad de Movimiento Total (360°):</strong> Gira de izquierda a derecha, inclina hacia arriba o abajo (para evitar reflejos) y ajusta la altura de forma continua y fluida gracias a su cilindro neumático.</li>
<li><strong>Modo Programador / Vertical:</strong> Rota la pantalla 90 grados al instante. Esencial para leer líneas de código infinitas, navegar por bases de datos, leer chats de Twitch o editar documentos de texto largos sin hacer scroll constantemente.</li>
<li><strong>Instalación Dual Flexible:</strong> Incluye un sistema de prensa robusta en forma de 'C' para agarrar el borde del escritorio, y un sistema de ojal para atravesar la mesa, adaptándose a cualquier mueble.</li>
<li><strong>Gestión de Cables Oculta (Cable Management):</strong> Cuenta con rieles integrados en el brazo para enrutar los cables de poder y HDMI/DisplayPort, manteniendo tu setup impecablemente minimalista.</li>
<li><strong>Compatibilidad Universal VESA:</strong> Soporta estándares 75x75mm y 100x100mm, adecuado para pantallas desde 17"" hasta 32"" y soporta monitores ultrawide pesados.</li>
</ul>
<h4>El pilar central de un Setup Moderno</h4>
<p>Al elevar el monitor de la superficie de la mesa, recuperarás casi el 30% del espacio útil de tu escritorio. Podrás guardar el teclado debajo cuando estudies o leas, logrando un ambiente limpio y enfocado que disparará tu productividad.</p>"
simple,ERG-002,Lámpara de monitor asimétrica (Screenbar USB),1,visible,160,1,Ergonomía,Iluminación de escritorio inteligente que se monta sobre el monitor. Su diseño óptico asimétrico ilumina tu teclado y documentos de forma brillante sin generar ningún reflejo molesto en la pantalla. Cuenta con controles táctiles para ajustar el brillo y la temperatura de color.,"<h3>Cuida tus ojos, elimina los reflejos y mejora tu concentración</h3>
<p>Trabajar, estudiar o jugar a oscuras fatiga enormemente la vista, y usar una lámpara de escritorio tradicional es aún peor porque genera un terrible reflejo brillante en tu monitor que te obliga a forzar la vista. La Screenbar es la solución definitiva de iluminación moderna. Esta lámpara de vanguardia se coloca elegantemente sobre el borde superior de tu pantalla y proyecta la luz hacia abajo en un ángulo específico, iluminando tu zona de trabajo perfectamente sin afectar tu visión.</p>
<h4>Características Principales</h4>
<ul>
<li><strong>Diseño Óptico Asimétrico:</strong> La ingeniería de sus lentes internos asegura que la luz caiga únicamente sobre el escritorio y el teclado. NUNCA refleja luz hacia la pantalla del monitor ni deslumbra directamente a tus ojos.</li>
<li><strong>Ahorro Total de Espacio:</strong> Olvídate de las lámparas de pie o con bases grandes. Se sujeta suavemente al marco de cualquier monitor (plano o curvo) mediante un contrapeso, liberando el 100% de tu mesa.</li>
<li><strong>Luz Personalizable e Inteligente:</strong> Cambia la temperatura de color desde una luz cálida (2800K, ideal para relajarse viendo películas o jugar) hasta luz blanca fría (5500K, para máxima concentración al programar o estudiar).</li>
<li><strong>Regulación de Brillo Continua:</strong> Controles táctiles capacitivos que te permiten atenuar la potencia lumínica a tu gusto sin parpadeos (flicker-free).</li>
<li><strong>Alimentación por USB Tipo-C:</strong> Conéctala directamente a los puertos USB de tu PC, al propio monitor o a un cargador de celular; no requiere enchufes de pared adicionales.</li>
</ul>
<h4>El accesorio que no sabías que necesitabas</h4>
<p>Una vez que pruebes una Screenbar, no podrás usar una computadora sin ella. Crea una atmósfera inmersiva en tu setup, reduce los dolores de cabeza por fatiga ocular (Computer Vision Syndrome) y eleva la estética de tu espacio a un nivel superior.</p>"
simple,ACC-001,Cable USB en espiral tipo aviador (Coiled Cable),1,visible,120,1,Accesorios,"Cable USB-C de lujo para teclados mecánicos. Destaca por su gruesa espiral (coil) que mantiene el orden, recubrimiento de doble malla resistente y un conector de aviación metálico desmontable. El toque estético final que transforma un setup normal en uno de exposición premium.","<h3>El nivel máximo del coleccionismo y la estética de teclados</h3>
<p>El detalle final que separa un setup normal y funcional de uno de exposición fotográfica. Los 'Coiled Cables' (cables en espiral) son el accesorio más codiciado en la comunidad de entusiastas de los teclados mecánicos custom. Inspirados en la estética retro-industrial y la aviación clásica, estos cables no solo transmiten datos a alta velocidad, sino que actúan como una pieza de arte central en tu escritorio, reflejando tu personalidad y atención al detalle.</p>
<h4>Características Principales</h4>
<ul>
<li><strong>Conector de Aviador Metálico (Detachable):</strong> El robusto acoplamiento metálico en el centro del cable te permite desconectar el teclado rápidamente sin tener que buscar detrás de tu PC. Añade un peso visual y un aspecto industrial increíble a tu mesa.</li>
<li><strong>Espiral Perfecta y Duradera (Coil):</strong> Diseñado con un proceso térmico de horneado inverso que asegura que la espiral mantenga su forma apretada y elástica, manteniendo el exceso de cable ordenado, tenso y sin enredos sobre el escritorio.</li>
<li><strong>Doble Mallado Premium (Double Sleeving):</strong> Construcción de grado militar. Cuenta con un núcleo de Paracord interior cubierto con una malla trenzada PET (Techflex) exterior para máxima durabilidad, protección contra dobleces y colores vibrantes que no se desgastan.</li>
<li><strong>Conexión Tipo-C a Tipo-A:</strong> Puerto USB-C chapado en oro para el teclado, garantizando compatibilidad con el 99% de los teclados mecánicos modernos, placas de desarrollo y periféricos actuales de alta gama.</li>
<li><strong>Transferencia y Carga Estable:</strong> Hilos de cobre de alta pureza que garantizan cero latencia y energía suficiente incluso para teclados con alta demanda de iluminación RGB.</li>
</ul>
<h4>Demuestra tu estilo</h4>
<p>Ya sea que quieras un look monocromático minimalista o hacer juego con los colores de tus keycaps favoritas, un cable de aviador es la declaración de intenciones definitiva de que tomas en serio la construcción de tu setup.</p>"
simple,ACC-002,Bandeja pasacables de rejilla bajo escritorio,1,visible,95,1,Accesorios,"Estructura metálica de alta capacidad para la gestión de cables (Cable Management). Se instala debajo del escritorio para ocultar regletas eléctricas, adaptadores gruesos y kilómetros de cable, logrando una estética limpia y protegiendo tus conexiones de polvo y tirones.","<h3>El secreto mejor guardado de un setup impecable</h3>
<p>¿Tu escritorio se ve genial por arriba, pero parece una peligrosa jungla de cables enredados por abajo? El 'Cable Management' (gestión de cables) es el paso obligatorio para pasar de un setup amateur a uno verdaderamente profesional. Esta robusta bandeja metálica de alta capacidad se instala de manera oculta y actúa como el centro de control de tu energía, levantando todo el desorden visual del suelo para que tu área de trabajo se vea limpia, espaciosa y sin estrés visual.</p>
<h4>Características Principales</h4>
<ul>
<li><strong>Alta Capacidad de Carga y Espacio:</strong> Fabricada en acero al carbono soldado de grueso calibre, su diseño ancho soporta sin problemas regletas eléctricas grandes (zapatillas), múltiples transformadores pesados (como los de monitores o laptops) y decenas de cables.</li>
<li><strong>Ventilación Óptima y Segura:</strong> A diferencia de los ductos cerrados de plástico, el diseño de rejilla de alambre abierto permite un flujo de aire constante, evitando el peligroso sobrecalentamiento de los ladrillos de energía (power bricks).</li>
<li><strong>Ruteo Flexible y Multipunto:</strong> Sus amplios orificios permiten pasar cables hacia arriba al monitor, o hacia abajo a la pared, en cualquier punto de la bandeja, facilitando atarlos con cintas de velcro de manera ordenada.</li>
<li><strong>Instalación Sencilla y Segura:</strong> Se puede atornillar firmemente a la madera de cualquier tablero de escritorio (recomendado para escritorios de pie / standing desks).</li>
<li><strong>Mantenimiento Fácil:</strong> Al levantar los cables del piso, tu robot aspiradora o la escoba podrán limpiar tu habitación sin enganchar ni arrancar accidentalmente la conexión de tu PC.</li>
</ul>
<h4>Paz mental visual</h4>
<p>Un entorno de trabajo desordenado genera estrés inconsciente. Invierte una sola tarde ordenando tus cables en esta bandeja y disfruta de la tranquilidad de sentarte frente a un escritorio pulcro y de revista todos los días.</p>"
simple,PROD-001,Pizarra acrílica ergonómica de escritorio,1,visible,120,1,Productividad,"Elegante panel de vidrio/acrílico inclinado para notas rápidas que se ubica estratégicamente entre tu teclado y el monitor. Maximiza tu productividad al tener tus tareas, ideas, diagramas o recordatorios diarios justo frente a tus ojos sin generar desorden en la mesa.","<h3>El bloc de notas del futuro: siempre a la vista y sin desorden</h3>
<p>Despídete del caos de los post-its perdiendo adherencia y de los cuadernos acumulando polvo y robando espacio valioso en tu área. Esta elegante y revolucionaria pizarra de escritorio (Desk Board) está diseñada para encajar a la perfección en el espacio muerto que hay entre tu teclado y la base de tu monitor. Te ofrece un lienzo inmediato y premium para plasmar ideas rápidas, planificar tu día y hacer seguimiento de tareas, manteniéndolas en tu línea de visión natural sin tener que desviar la mirada de la pantalla.</p>
<h4>Características Principales</h4>
<ul>
<li><strong>Ángulo Ergonómico Optimizado:</strong> Ligeramente inclinada para facilitar la escritura cómoda sin necesidad de levantarla de la mesa, y ofreciendo el ángulo de lectura perfecto.</li>
<li><strong>Superficie Premium Inmanchable:</strong> Fabricada con vidrio templado o acrílico de alta densidad que permite que los marcadores de borrado en seco se deslicen suavemente. No se mancha, no deja rastros fantasma (ghosting) y dura para siempre.</li>
<li><strong>Organizador Oculto Integrado:</strong> La pizarra se levanta o se abre para revelar un compartimento secreto inferior con amplios canales, ideal para ocultar marcadores, borrador, clips, llaves, tu celular o pequeños accesorios.</li>
<li><strong>Canal para Dispositivos:</strong> Cuenta con una ranura superior diseñada específicamente para sostener tu smartphone o tablet en posición vertical, perfecto para videollamadas o leer notificaciones mientras trabajas.</li>
<li><strong>Estética Minimalista:</strong> Su diseño blanco brillante, limpio y sin bordes molestos, eleva el aspecto profesional de cualquier oficina o estudio en casa.</li>
</ul>
<h4>La herramienta secreta para Desarrolladores y Estudiantes</h4>
<p>Es el aliado perfecto para programadores que necesitan anotar rápidamente direcciones IP temporales, trazar lógicas de código, flujos de trabajo, variables o simplemente hacer un *To-Do list* urgente que no puede perderse entre las decenas de pestañas del navegador. Escribe, ejecuta, borra y repite.</p>"
simple,HDW-002,Soporte 'Tercera Mano' con lupa y LED,1,visible,130,1,Hardware,"Estación de ayuda para soldadura con brazos articulados flexibles, pinzas de cocodrilo giratorias, lupa de aumento de grado óptico e iluminación LED. El asistente definitivo para trabajar con placas electrónicas, joyas o modelismo con precisión y comodidad.","<h3>Tus mejores aliados para soldaduras microscópicas precisas</h3>
<p>Cuando tienes un cautín ardiendo a 350°C en una mano y el hilo de estaño en la otra, ¿quién sujeta la placa de circuitos? Este soporte profesional de 'Tercera Mano' es el ayudante de taller perfecto. Cuenta con múltiples brazos flexibles tipo cuello de cisne que se adaptan a cualquier posición tridimensional para sujetar tu proyecto en el aire de forma inquebrantable, permitiéndote trabajar con las dos manos libres y lograr soldaduras perfectas y brillantes.</p>
<h4>Características Principales</h4>
<ul>
<li><strong>Base pesada de aleación de aluminio:</strong> Ofrece máxima estabilidad y bajo centro de gravedad en tu banco de trabajo; no se volcará incluso si le colocas piezas pesadas.</li>
<li><strong>Brazos de sujeción universales:</strong> Cuellos de cisne metálicos de alta flexibilidad pero gran rigidez posicional.</li>
<li><strong>Pinzas de cocodrilo rotativas 360°:</strong> Forradas en silicona resistente al calor para asegurar un agarre firme sin rayar ni cortocircuitar los delicados PCBs (placas de circuito impreso).</li>
<li><strong>Visión mejorada sin fatiga:</strong> Incluye una potente lupa de vidrio óptico (sin distorsión) con anillo de iluminación LED blanca integrada, ajustable en brillo, ideal para soldar componentes SMD diminutos, revisar pistas cortadas o leer códigos minúsculos en chips sin forzar la vista.</li>
</ul>
<h4>Sube el nivel de tus reparaciones</h4>
<p>No más quemaduras en los dedos ni uniones frías por temblor. Tanto si eres un ingeniero mecatrónico avanzado como un aficionado a las manualidades finas y relojería, esta herramienta reducirá tu tiempo de trabajo a la mitad.</p>"
simple,HDW-003,Cajas modulares para componentes electrónicos,1,visible,50,1,Hardware,"Sistema inteligente de almacenamiento encastrable tipo bloque. Organiza eficientemente resistencias, capacitores, tornillos, LEDs y componentes pequeños. Tapas con resorte para fácil acceso y protección total contra polvo y humedad.","<h3>El caos de la electrónica, finalmente organizado y clasificado</h3>
<p>La pesadilla de cualquier desarrollador de hardware, técnico o inventor es buscar una resistencia de 10k ohmios específica dentro de un cajón desordenado lleno de cables. Estas cajas modulares están diseñadas específicamente para la micro-electrónica. Se ensamblan lateral y verticalmente entre sí (como bloques de construcción infantiles) para crear un sistema de almacenamiento a medida, sólido como una pared y codificado por colores.</p>
<h4>Características Principales</h4>
<ul>
<li><strong>Diseño apilable e infinito:</strong> Desliza y encaja múltiples cajas de diferentes colores. Puedes expandir tu pared de almacenamiento a medida que crezca tu taller.</li>
<li><strong>Tapas con resorte automático (Spring-loaded):</strong> Se abren solas con un toque suave y se mantienen abiertas, permitiendo un fácil acceso a los componentes con una sola mano o usando pinzas.</li>
<li><strong>Protección Total:</strong> Cierran herméticamente para proteger piezas sensibles de la humedad ambiental, oxidación y polvo.</li>
<li><strong>Ideal para SMD y THT:</strong> El tamaño perfecto para clasificar capacitores cerámicos, resistencias, tornillos de laptops, pequeños interruptores, leds y conectores Dupont de forma segura.</li>
</ul>
<h4>Maximiza el espacio de tu taller</h4>
<p>Puedes montarlas en una placa en la pared, tenerlas en tu mesa o guardarlas en un cajón grande manteniendo todo en su sitio. Encuentra exactamente lo que necesitas en segundos y acelera tus tiempos de prototipado.</p>"
simple,HDW-005,Placa de desarrollo (ESP32) con WiFi y Bluetooth,1,visible,45,1,Hardware,"Microcontrolador de bajo costo y alto rendimiento con conectividad inalámbrica dual integrada (WiFi + Bluetooth BLE). Procesador de 32 bits, múltiples puertos de entrada/salida y compatibilidad total con Arduino IDE. El corazón perfecto para tus proyectos de Internet de las Cosas (IoT).","<h3>El cerebro perfecto para la revolución del Internet de las Cosas (IoT)</h3>
<p>Da el salto definitivo desde las placas Arduino básicas hacia el siguiente nivel tecnológico. El módulo ESP32 es el rey indiscutible del prototipado moderno: un microcontrolador de bajísimo costo y bajo consumo de energía que revoluciona el desarrollo de hardware al incluir conectividad inalámbrica de fábrica. Controla luces, lee sensores o activa motores desde cualquier lugar del mundo a través de tu smartphone o servidor web.</p>
<h4>Características Principales</h4>
<ul>
<li><strong>Conectividad Inalámbrica Dual:</strong> Incorpora un módulo WiFi de 2.4 GHz y Bluetooth de baja energía (BLE), lo que te permite conectarlo directamente a tu router o emparejarlo con aplicaciones móviles.</li>
<li><strong>Alta potencia de procesamiento:</strong> Equipado con un potente procesador Xtensa de doble núcleo de 32 bits funcionando a 240 MHz, muy superior a los chips tradicionales de 8 bits.</li>
<li><strong>Amplias interfaces de hardware:</strong> Soporta múltiples pines capacitivos táctiles (Touch), conversores analógico a digital (ADC), conversores digital a analógico (DAC), I2C, UART, SPI, e I2S para audio.</li>
<li><strong>Ecosistema Amigable:</strong> 100% compatible para ser programado con el popular IDE de Arduino, MicroPython o el framework oficial ESP-IDF de Espressif.</li>
</ul>
<h4>Lleva tus ideas a la realidad</h4>
<p>Perfecto para proyectos de domótica (Smart Home), estaciones meteorológicas, robots controlados por WiFi o sistemas de seguridad. Un mundo de posibilidades infinitas en una placa que cabe en la palma de tu mano.</p>"
simple,HDW-006,Kit de sensores y drivers de motores,1,visible,90,1,Hardware,"Mega paquete de expansión de hardware esencial para robótica y automatización. Incluye decenas de módulos pre-soldados: sensores de temperatura, humedad, distancia, luz, relevadores y drivers para controlar potentes motores. Listo para conectar y programar.","<h3>Dale sentidos y movimiento a tus proyectos de robótica y automatización</h3>
<p>Una placa base como Arduino o ESP32 es inútil sin ojos para ver, oídos para escuchar y músculos para moverse. Este kit es la expansión perfecta y más completa para cualquier estudiante de mecatrónica, ingeniero o entusiasta de la tecnología. Incluye los módulos más populares, fiables y necesarios de la industria para interactuar de forma real con el mundo físico, ahorrándote el costo y tiempo de comprarlos por separado.</p>
<h4>Características Principales</h4>
<ul>
<li><strong>Sensores Ambientales Precisos:</strong> Monitorea tu entorno con módulos de medición de temperatura y humedad (DHT), detector fotosensible (LDR) para medir niveles de luz, y módulos de detección de sonido y vibración.</li>
<li><strong>Movimiento y Detección de Proximidad:</strong> Incluye el clásico sensor ultrasónico para medir distancias con precisión milimétrica (radar) y módulos infrarrojos ideales para construir robots seguidores de líneas o evasores de obstáculos.</li>
<li><strong>Actuadores y Potencia (Músculos):</strong> Módulos Relay (relevadores) para encender aparatos domésticos de 220v de forma segura con bajos voltajes, y drivers especializados (como el L298N) para controlar la velocidad y dirección de motores paso a paso o motores DC potentes.</li>
<li><strong>Módulos listos para usar (Plug & Play):</strong> Todos los sensores vienen montados en placas PCB de calidad, con pines estándar pre-soldados. No necesitas soldar nada, simplemente conecta tus cables jumper y empieza a programar inmediatamente.</li>
</ul>
<h4>El laboratorio definitivo en una caja</h4>
<p>Cubre el 90% de los proyectos que te pedirán en la universidad o los tutoriales que encuentres en internet. Un kit esencial para comprender a fondo cómo las máquinas interactúan con su entorno.</p>"
simple,HDW-007,Pack Protoboard 830 puntos + Cables Jumper (65 uds),1,visible,35,1,Hardware,Kit fundamental para la construcción rápida de circuitos electrónicos sin soldadura. Protoboard grande de 830 orificios con contactos de alta calidad y líneas de alimentación. Incluye 65 cables flexibles de distintos colores y tamaños.,"<h3>Prototipado rápido, sin errores, sin daños y sin cautín</h3>
<p>La base fundamental e irremplazable de cualquier experimento o aprendizaje electrónico. Un protoboard (o placa de pruebas) te permite montar circuitos complejos, conectar microcontroladores temporales, probar tu código y ajustar valores de resistencias sin necesidad de derretir ni un solo gramo de estaño. Si te equivocas en el diseño o hay un cortocircuito, simplemente desconectas el cable, lo reubicas y sigues adelante.</p>
<h4>Características Principales</h4>
<ul>
<li><strong>Protoboard MB-102 de Alta Calidad:</strong> Amplio tablero de 830 puntos de conexión (tie-points) con contactos internos de bronce fosforoso niquelado, garantizando una excelente conductividad y resistencia tras miles de inserciones.</li>
<li><strong>Organización Lógica:</strong> Incluye guías laterales de alimentación (VCC positivo y GND negativo) continuas y claramente marcadas con colores rojo y azul, facilitando la distribución de energía limpia a todo tu circuito.</li>
<li><strong>Modular y Expansible:</strong> Sus bordes cuentan con enganches tipo rompecabezas, lo que te permite unir varios protoboards si tu proyecto crece en tamaño. Base autoadhesiva para fijarlo a cualquier superficie.</li>
<li><strong>Set Premium de Cables Jumper (65 uds):</strong> Cables de núcleo flexible macho-macho en una variedad útil de tamaños y colores vibrantes, diseñados para mantener tu placa plana, limpia y fácil de entender visualmente (debuggear).</li>
</ul>
<h4>El primer paso hacia la ingeniería</h4>
<p>Indispensable para laboratorios de física, clases de robótica, estudiantes de sistemas o cualquier mente curiosa que quiera empezar a armar circuitos LED, temporizadores y compuertas lógicas con cero riesgos.</p>"
simple,ERG-003,Reposamuñecas ergonómico premium para teclado,1,visible,95,1,Ergonomía,"Soporte de muñecas rígido, tallado en madera pulida o resina premium. Específicamente angulado para teclados mecánicos de perfil alto. Corrige la postura de tus manos, previene lesiones por estrés repetitivo (túnel carpiano) y añade un lujo incomparable al setup.","<h3>Prevención clínica y lujo estético para tus manos</h3>
<p>Los teclados mecánicos modernos tienen un perfil alto e imponente, lo que lamentablemente obliga a tus muñecas a doblarse hacia arriba en un ángulo antinatural, incómodo y altamente perjudicial a largo plazo, siendo la principal causa del Síndrome del Túnel Carpiano. Este reposamuñecas premium actúa como un puente, elevando la base de tus manos y alineando tus tendones con las teclas para que puedas programar, escribir ensayos o jugar intensamente durante horas sin sentir dolor ni entumecimiento.</p>
<h4>Características Principales</h4>
<ul>
<li><strong>Materiales Sólidos y Premium:</strong> Disponible en bloques de madera maciza (nogal o roble) pulida a mano, o en deslumbrante resina endurecida. A diferencia de las almohadillas de espuma baratas que se hunden, calientan y retienen olores o sudor, estas superficies rígidas son frescas al tacto, firmes y extremadamente fáciles de limpiar.</li>
<li><strong>Diseño y Ángulo Ergonómico:</strong> Cuenta con un bisel optimizado de 8° de inclinación que sigue la caída natural de la mano, proporcionando un punto de descanso pasivo perfecto.</li>
<li><strong>Bases de Silicona Antideslizante:</strong> Equipado con gruesos patines de goma en la parte inferior, asegurando que el reposamuñecas se sienta como una extensión anclada a tu escritorio, inamovible incluso en sesiones de escritura rápida (typing) o gaming intenso (flicks).</li>
<li><strong>Estética Superior:</strong> El veteado natural de la madera o las texturas de la resina elevan visualmente la calidad de tu setup, aportando un toque cálido y orgánico en medio de tantos aparatos electrónicos.</li>
</ul>
<h4>Tu salud y herramientas, protegidas</h4>
<p>Invertiste en un buen teclado y pasas la mayor parte de tu día utilizándolo. Cuida tus manos, la herramienta más importante de tu carrera profesional, con la elegancia que mereces.</p>"
simple,ACC-003,Soporte metálico oculto para audífonos (Headphone Hook),1,visible,50,1,Accesorios,"Elegante gancho de sujeción para colocar auriculares grandes y pesados debajo del escritorio. Maximiza tu espacio, protege tus equipos de caídas accidentales y mantiene tu estación de trabajo ordenada. Instalación rápida sin necesidad de taladrar gracias a su poderoso adhesivo.","<h3>Tus auriculares siempre listos, protegidos y fuera del camino</h3>
<p>Los audífonos de diadema (Over-ear) son accesorios costosos y voluminosos. Dejarlos tirados sobre la mesa roba espacio de trabajo vital, hace que el setup luzca desordenado y los expone a derrames de café o caídas accidentales. Los típicos pedestales (stands) de mesa resuelven un problema pero crean otro al ocupar espacio. Este gancho metálico minimalista es la solución más elegante e inteligente para colgarlos de forma invisible debajo de tu zona de trabajo.</p>
<h4>Características Principales</h4>
<ul>
<li><strong>Diseño Oculto y Eficiente:</strong> Se fija firmemente debajo de la madera o vidrio de tu escritorio, manteniendo la mesa totalmente despejada y permitiéndote alcanzar tus audífonos al instante.</li>
<li><strong>Protección Acolchada de Silicona:</strong> A diferencia de los ganchos de plástico duro que cortan la cuerina, toda el área curva de contacto está forrada con un pad de silicona gruesa, asegurando que la diadema (vincha) de tus cascos premium no se marque, hunda ni se deforme.</li>
<li><strong>Clip para Gestión de Cables:</strong> Incluye una inteligente pestaña adicional en el diseño para enrollar o sostener el largo cable de tus cascos, evitando que cuelgue, se enrede en tu silla o estorbe tus pies.</li>
<li><strong>Sujeción de Alta Resistencia:</strong> Fabricado en aluminio ligero pero muy resistente. Se instala en 30 segundos utilizando cinta de doble cara genuina de grado industrial (3M VHB), que soporta hasta 1.5 kg de peso sostenido sin problemas. También incluye orificios si prefieres usar tornillos cortos.</li>
</ul>
<h4>Detalles que marcan la diferencia</h4>
<p>Un setup verdaderamente profesional destaca porque cada objeto tiene un lugar asignado. Este pequeño pero poderoso accesorio es el toque final de organización para los perfeccionistas del orden y del audio de alta fidelidad.</p>"
simple,PROD-002,Soporte ergonómico de aluminio pesado para Tablet / iPad,1,visible,95,1,Productividad,Base elevadora premium de aluminio masivo para Tablets y smartphones. Altura y ángulo multi-ajustable con bisagras rígidas. Convierte instantáneamente tu dispositivo móvil en una segunda pantalla productiva sin temblores y a la altura ideal de tus ojos.,"<h3>Convierte tu Tablet en la herramienta de productividad definitiva</h3>
<p>Usar una tablet costosa apoyada plana sobre la mesa refleja las luces del techo, te obliga a encorvar el cuello (causando dolor cervical) y la hace vulnerable a derrames. Las fundas con tapa (smart covers) solo ofrecen un ángulo bajo, inútil para trabajar. Este soporte de aluminio masivo, inspirado en el diseño industrial de Apple, eleva tu iPad o tablet a nivel del ojo humano, convirtiéndola instantáneamente en una segunda pantalla ergonómica para monitorear Slack, leer chats, atender llamadas por Zoom o probar aplicaciones responsivas.</p>
<h4>Características Principales</h4>
<ul>
<li><strong>Base Metálica Ultra-Pesada y Estable:</strong> Fabricado en aleación de aluminio grueso. Su bajo centro de gravedad garantiza que no se tambaleará, no rebotará ni se caerá hacia atrás cuando presiones la pantalla táctil o escribas con fuerza usando el lápiz digital.</li>
<li><strong>Doble Articulación Ajustable (270°):</strong> Sus bisagras de torsión rígida te permiten ajustar tanto la altura general como el ángulo de inclinación preciso, eliminando brillos y adaptándose perfectamente a tu estatura.</li>
<li><strong>Flexibilidad de Formatos:</strong> Cambia de modo retrato (ideal para leer PDFs largos o escribir código) a modo paisaje (ideal para ver YouTube o edición de video) con un simple movimiento.</li>
<li><strong>Agarre Seguro y Protección:</strong> Los ganchos de soporte y la placa base están completamente cubiertos de almohadillas de silicona premium, asegurando firmemente tu dispositivo (incluso si tiene funda puesta) sin rayar el delicado aluminio de su carcasa.</li>
<li><strong>Gestión de Carga Inteligente:</strong> Ranura generosa en la base de los ganchos que permite pasar fácilmente el cable USB-C, permitiéndote cargar la tablet ininterrumpidamente mientras está en uso prolongado.</li>
</ul>
<h4>Tu oficina de múltiples pantallas</h4>
<p>Maximiza el retorno de inversión de tu dispositivo móvil. Ya sea para diseño gráfico, consumir contenido o desarrollo de software, trabajar a dos pantallas incrementará masivamente tu eficiencia.</p>"
simple,PROD-003,Reposapiés ergonómico ajustable y masajeador,1,visible,140,1,Productividad,"Plataforma de soporte y descanso para los pies con diseño ajustable. Alivia la presión en los muslos, estimula la circulación sanguínea de las piernas y corrige radicalmente la alineación de toda la columna vertebral. Una inversión crítica en salud laboral.","<h3>El secreto de una postura perfecta y sin dolores empieza por los pies</h3>
<p>Puedes tener la silla más cara del mundo (Herman Miller, Secretlab), pero si tus pies no tocan el suelo firmemente formando un ángulo de 90 grados, o si quedan colgando ligeramente en el aire, estás aplastando las venas posteriores de tus muslos, cortando la circulación y forzando a tu zona lumbar (baja espalda) a soportar todo tu peso de forma asimétrica. Un buen reposapiés no es un lujo oficinista, es la intervención clínica más infravalorada, inmediata y efectiva para cuidar la salud de un profesional que trabaja sentado frente a un setup.</p>
<h4>Características Principales</h4>
<ul>
<li><strong>Corrección Postural Inmediata:</strong> Eleva tus pies del suelo, aliviando drásticamente la presión en la parte posterior de las piernas y obligando a tu pelvis a retroceder hasta el fondo de la silla, apoyando tu columna donde realmente debe estar.</li>
<li><strong>Inclinación Flotante y Ajustable:</strong> La plataforma pivota libremente (de 0° a 30°). Sigue el movimiento natural y continuo de tus tobillos mientras trabajas, manteniéndolos activos para evitar la rigidez articular, los calambres y la sensación de piernas pesadas (retención de líquidos).</li>
<li><strong>Superficie de Masaje Activo:</strong> El panel superior cuenta con texturas geométricas y rodillos centrales. Si trabajas descalzo o en calcetines, podrás estimular las zonas de reflexología de la planta del pie, relajando la tensión muscular acumulada.</li>
<li><strong>Base Antideslizante y Robusta:</strong> Estructura sólida de polímero de alto impacto que no resbala sobre parqué o alfombras, manteniendo la plataforma exactamente donde la ubicaste al sentarte.</li>
</ul>
<h4>Productividad sin dolor</h4>
<p>Si sientes fatiga extrema en la espalda baja después de 4 horas de código o diseño, o si te descubres constantemente cruzando las piernas o sentándote sobre ellas, necesitas este producto hoy mismo. Trabaja mejor sintiéndote mejor.</p>"
simple,GAM-005,Keycap de resina artesanal 3D (Perfil OEM/SA),1,visible,70,1,Gaming,"Tecla individual (Keycap) de reemplazo, hecha a mano en resina transparente con un increíble paisaje 3D encapsulado en su interior. Diseñada para reemplazar la tecla Escape (ESC). Compatible con switches Cherry MX y derivados. Una joya visual para tu teclado mecánico.","<h3>Una obra de arte microscópica e iluminada para tu teclado mecánico</h3>
<p>Haz que tu teclado custom sea verdaderamente único, irrepetible y tuyo. Olvídate de los plásticos aburridos en serie. Este keycap artesanal, fabricado pacientemente con resina epoxi de alta transparencia y resistencia UV, encapsula un asombroso micro-paisaje tridimensional detallado a mano (montañas nevadas, océanos profundos o nebulosas espaciales). Es el acento estético perfecto para reemplazar la solitaria tecla Escape (ESC) y darle un carácter ultra premium y exclusivo a tu setup.</p>
<h4>Características Principales</h4>
<ul>
<li><strong>Compatibilidad Universal (Montaje Cruzado '+'):</strong> Funciona perfectamente en cualquier teclado mecánico moderno que utilice switches estilo Cherry MX, Gateron, Outemu, Kailh o Razer (tanto ópticos como mecánicos estándar).</li>
<li><strong>Perfil OEM / SA (R4):</strong> Su altura y curvatura están específicamente diseñadas para encajar de manera natural en la fila superior de tu teclado (Top row - teclas F o Escape) sin arruinar la ergonomía de tipeo.</li>
<li><strong>Acabado Premium de Alto Brillo:</strong> Resina pulida a mano meticulosamente en múltiples etapas para lograr un acabado suave al tacto y resistente a rayones o desgaste por fricción y sudor, superando al plástico PBT tradicional.</li>
<li><strong>Transmisión RGB Deslumbrante:</strong> Su naturaleza translúcida captura, dispersa y magnifica maravillosamente la luz LED RGB que emite el interruptor de tu teclado, haciendo que el paisaje interior cobre vida y brille en la oscuridad.</li>
</ul>
<h4>El mundo del 'Artisan Keycap'</h4>
<p>Las teclas artesanales son piezas de colección. Si eres un entusiasta que valora la estética, los detalles intrincados y el trabajo hecho a mano, esta tecla será el imán de todas las miradas y preguntas de tus amigos que vean tu setup.</p>"
simple,GAM-006,Hub USB 3.0 de alta velocidad con interruptores individuales,1,visible,75,1,Gaming,"Multiplicador de puertos USB 3.0 para periféricos. Su característica diferencial es que cada puerto incluye un interruptor físico retroiluminado, permitiéndote encender o apagar micrófonos, cámaras o luces al instante con un solo dedo, sin necesidad de desconectar el cable.","<h3>Control absoluto y físico sobre tus periféricos de transmisión</h3>
<p>La placa base (motherboard) de tu PC rara vez tiene suficientes puertos, y cuando necesitas privacidad, tener que gatear debajo del escritorio, buscar en la oscuridad y tirar de cables para desconectar tu cámara web o el micrófono de estudio es frustrante. Este Hub USB inteligente actúa como una central de control de escritorio. Te permite conectar y mantener todos tus accesorios listos, y activarlos o desactivarlos individualmente mediante interruptores táctiles físicos cuando lo necesites, ideal para streamers, podcasters y profesionales celosos de su privacidad digital.</p>
<h4>Características Principales</h4>
<ul>
<li><strong>Puertos de Alta Velocidad (SuperSpeed USB 3.0):</strong> Garantiza tasas de transferencia de datos masivas de hasta 5 Gbps. Carga archivos pesados en segundos o transmite video 4K desde tu cámara sin cuellos de botella ni latencia (input lag). Retrocompatible con USB 2.0 para ratones y teclados.</li>
<li><strong>Interruptores Individuales de Poder:</strong> Control de flujo físico. Si no estás usando la webcam, presiona el botón y quedará completamente desconectada y apagada, ahorrando energía y garantizando que ningún software malicioso pueda acceder a ella.</li>
<li><strong>Indicadores Visuales LED:</strong> Cada botón cuenta con una luz LED suave que te informa de un solo vistazo qué periféricos están recibiendo energía activa en ese momento.</li>
<li><strong>Protección de Hardware:</strong> Al no tener que conectar y desconectar dispositivos constantemente, evitas el desgaste, la holgura y el daño irreparable de los valiosos puertos USB de la placa madre o laptop.</li>
<li><strong>Plug & Play Inteligente (Hot Swap):</strong> Conecta y desconecta periféricos en caliente sin necesidad de reiniciar la computadora o instalar complejos controladores.</li>
</ul>
<h4>Gestión de recursos optimizada</h4>
<p>Mantén encendidos tu Stream Deck o el Aro de Luz solo cuando haces directos. Expande las capacidades de tu laptop con estilo y organiza tu flujo de trabajo de forma segura, confiable y extremadamente cómoda.</p>"
